[
  {
    "name": "Aniyomi: AniZone",
    "pkg": "eu.kanade.tachiyomi.animeextension.all.anizone",
    "apk": "aniyomi-all.anizone-v14.4.apk",
    "lang": "all",
    "code": 4,
    "version": "14.4",
    "nsfw": 0,
    "hasReadme": 0,
    "hasChangelog": 0,
    "sources": [
      {
        "name": "AniZone",
        "lang": "all",
        "id": "954848840440936266",
        "baseUrl": "https://anime-sama.fr",
        "versionId": 1
      }
    ]
  },
  {
    "name": "Aniyomi: Sudatchi",
    "pkg": "eu.kanade.tachiyomi.animeextension.all.sudatchi",
    "apk": "aniyomi-all.sudatchi-v14.7.apk",
    "lang": "all",
    "code": 7,
    "version": "14.7",
    "nsfw": 1,
    "hasReadme": 0,
    "hasChangelog": 0,
    "sources": [
      {
        "name": "Sudatchi",
        "lang": "all",
        "id": "2951849872812057541",
        "baseUrl": "",
        "versionId": 1
      }
    ]
  },
  {
    "name": "Aniyomi: Anime-Sama",
    "pkg": "eu.kanade.tachiyomi.animeextension.fr.animesama",
    "apk": "aniyomi-fr.animesama-v14.18.apk",
    "lang": "fr",
    "code": 18,
    "version": "14.18",
    "nsfw": 0,
    "hasReadme": 0,
    "hasChangelog": 0,
    "sources": [
      {
        "name": "Anime-Sama",
        "lang": "fr",
        "id": "6170936930338275444",
        "baseUrl": "",
        "versionId": 1
      }
    ]
  },
  {
    "name": "Aniyomi: AniSama",
    "pkg": "eu.kanade.tachiyomi.animeextension.fr.anisama",
    "apk": "aniyomi-fr.anisama-v14.8.apk",
    "lang": "fr",
    "code": 8,
    "version": "14.8",
    "nsfw": 0,
    "hasReadme": 0,
    "hasChangelog": 0,
    "sources": [
      {
        "name": "AniSama",
        "lang": "fr",
        "id": "1898818943039425198",
        "baseUrl": "",
        "versionId": 1
      }
    ]
  },
  {
    "name": "Aniyomi: FrAnime",
    "pkg": "eu.kanade.tachiyomi.animeextension.fr.franime",
    "apk": "aniyomi-fr.franime-v14.15.apk",
    "lang": "fr",
    "code": 15,
    "version": "14.15",
    "nsfw": 1,
    "hasReadme": 0,
    "hasChangelog": 0,
    "sources": [
      {
        "name": "FRAnime",
        "lang": "fr",
        "id": "3074980924810171824",
        "baseUrl": "",
        "versionId": 1
      }
    ]
  },
  {
    "name": "Aniyomi: French Anime",
    "pkg": "eu.kanade.tachiyomi.animeextension.fr.frenchanime",
    "apk": "aniyomi-fr.frenchanime-v14.10.apk",
    "lang": "fr",
    "code": 10,
    "version": "14.10",
    "nsfw": 0,
    "hasReadme": 0,
    "hasChangelog": 0,
    "sources": [
      {
        "name": "French Anime",
        "lang": "fr",
        "id": "8142032927870763721",
        "baseUrl": "",
        "versionId": 1
      }
    ]
  },
  {
    "name": "Aniyomi: HDS",
    "pkg": "eu.kanade.tachiyomi.animeextension.fr.hds",
    "apk": "aniyomi-fr.hds-v14.6.apk",
    "lang": "fr",
    "code": 6,
    "version": "14.6",
    "nsfw": 0,
    "hasReadme": 0,
    "hasChangelog": 0,
    "sources": [
      {
        "name": "HDS",
        "lang": "fr",
        "id": "3206613581297348563",
        "baseUrl": "",
        "versionId": 1
      }
    ]
  },
  {
    "name": "Aniyomi: JetAnime",
    "pkg": "eu.kanade.tachiyomi.animeextension.fr.jetanime",
    "apk": "aniyomi-fr.jetanime-v14.13.apk",
    "lang": "fr",
    "code": 13,
    "version": "14.13",
    "nsfw": 0,
    "hasReadme": 0,
    "hasChangelog": 0,
    "sources": [
      {
        "name": "JetAnime",
        "lang": "fr",
        "id": "8914615515692839881",
        "baseUrl": "",
        "versionId": 1
      }
    ]
  },
  {
    "name": "Aniyomi: Vostfree",
    "pkg": "eu.kanade.tachiyomi.animeextension.fr.vostfree",
    "apk": "aniyomi-fr.vostfree-v14.21.apk",
    "lang": "fr",
    "code": 21,
    "version": "14.21",
    "nsfw": 0,
    "hasReadme": 0,
    "hasChangelog": 0,
    "sources": [
      {
        "name": "Vostfree",
        "lang": "fr",
        "id": "8596049504378147571",
        "baseUrl": "",
        "versionId": 1
      }
    ]
  },
  {
    "name": "Aniyomi: Wiflix",
    "pkg": "eu.kanade.tachiyomi.animeextension.fr.wiflix",
    "apk": "aniyomi-fr.wiflix-v14.10.apk",
    "lang": "fr",
    "code": 10,
    "version": "14.10",
    "nsfw": 0,
    "hasReadme": 0,
    "hasChangelog": 0,
    "sources": [
      {
        "name": "Wiflix",
        "lang": "fr",
        "id": "7149332646839704216",
        "baseUrl": "",
        "versionId": 1
      }
    ]
  }
]